id,domain,category,subcategory,hanja,hangul,title,body,source
G001,관상학,이론,관상학 개론과 역사,,,관상학이란 무엇인가,"관상학은 얼굴·골격·피부 등 신체적 특징을 관찰해 성격과 기질, 삶의 경향을 짐작해보려는 오래된 관찰 체계입니다. '내면의 상태가 겉으로 드러난다'는 심신일원론적 사고가 핵심 전제입니다. 서양에서는 고대 그리스 아리스토텔레스 시대부터 관상에 대한 기록이 있었고, 18세기 스위스의 라바터가 이를 학문적으로 체계화했습니다. 다만 19세기 이탈리아의 범죄학자 롬브로소가 '범죄형 얼굴'을 주장하며 우생학적 차별로 악용된 뼈아픈 역사도 있습니다. 동양에서는 중국 춘추전국시대부터 관상에 대한 기록이 나타나며, 삼국시대 무렵 한반도에 전해져 조선시대에 크게 성행했습니다. 오늘날 관상학은 과학적으로 검증된 체계는 아니지만, 문화 콘텐츠이자 자기 이해의 도구로 여전히 널리 소비되고 있습니다.",위키백과 '관상학' (ko.wikipedia.org)
G002,관상학,이론,마의상법 소개,,,"마의상법(麻衣相法), 동양 관상학의 경전","동양 관상학이 체계적인 이론으로 정립된 것은 송나라 초기 '마의도자(麻衣道者)'라는 인물에 의해서라고 전해집니다. 그가 저술했다고 알려진 《마의상법》은 동양 관상학의 대표적인 고전으로 취급되며, 이후 여러 유파의 관상 이론이 이 책의 틀 위에서 발전해 왔습니다. 마의상법은 얼굴을 삼정(三停)·오악(五嶽)·십이궁(十二宮) 등 여러 구획으로 나누고, 각 부위의 형태와 균형을 통해 성격과 운을 해석하는 방법론을 제시합니다. 오늘날 대중적으로 통용되는 관상 용어와 해석 대부분이 이 전통에 뿌리를 두고 있습니다.",위키백과 '관상학' (ko.wikipedia.org)
G003,관상학,이론,형기신 이론,,,"형(形)·기(氣)·신(神), 관상을 보는 세 층위","전통 관상학에서는 사람을 살필 때 형(形, 겉으로 드러난 형태)·기(氣, 혈색과 기운)·신(神, 눈빛과 정신적 인상)을 함께 본다고 말합니다. 형은 얼굴의 생김새와 골격 같은 정적인 요소이고, 기는 그날그날의 혈색·컨디션처럼 변화하는 요소이며, 신은 눈빛이나 표정에서 느껴지는 정신적인 인상을 가리킵니다. 즉 전통 관상학은 고정된 얼굴 생김새만 보는 것이 아니라, 그 사람의 기색과 눈빛, 표정이 시시각각 전달하는 인상까지 종합적으로 살피는 것을 이상적인 관법으로 여겼습니다. 이 앱에서 여러 표정을 촬영해 함께 분석하는 것도 이런 '형·기·신을 함께 본다'는 전통적 관점을 반영한 설계입니다.",사주팔자 무료 분석 '관상학 입문' (sajupalza.cc/face-reading/intro)
G004,관상학,이론,기색론,,,"기색(氣色), 얼굴에 드러나는 그날의 기운","기색론은 얼굴의 고정된 생김새가 아니라, 그날그날 달라지는 안색과 혈색, 표정의 생기를 통해 컨디션과 운의 흐름을 짐작해보는 관점입니다. 안색이 맑고 윤기가 있으면 기운이 좋은 시기로, 얼굴빛이 어둡고 탁하면 몸과 마음이 지친 시기로 해석하는 식입니다. 이는 '타고난 관상은 바뀌지 않아도, 그날의 기색은 마음가짐과 컨디션에 따라 달라질 수 있다'는 생각과 연결되며, 흔히 '相好不如身好 身好不如心好(상이 좋은 것보다 몸이 좋은 것이 낫고, 몸이 좋은 것보다 마음이 좋은 것이 낫다)'는 말로 요약되곤 합니다.",사주팔자 무료 분석 '관상학 입문' (sajupalza.cc/face-reading/intro)
G005,관상학,이론,삼정론,,,"삼정(三停), 얼굴로 보는 인생의 세 시기","삼정은 얼굴을 가로로 세 구역, 즉 이마부터 눈썹까지의 상정(上停), 눈썹부터 코끝까지의 중정(中停), 코끝부터 턱끝까지의 하정(下停)으로 나누는 관법입니다. 상정은 초년운(대략 1~30세)과 지혜·학업운을, 중정은 중년운(31~50세)과 자수성가·재물운을, 하정은 말년운(51세 이후)과 포용력·부하운을 상징한다고 봅니다. 세 구역의 길이와 균형이 비슷하게 조화를 이룰수록 인생 전체가 고르게 안정적으로 흘러간다고 해석하는 것이 삼정론의 기본 관점입니다.",운세길 '관상이란' (saju.nomadinfo.co.kr/guide/gwansang)
G006,관상학,이론,오악론,,,"오악(五嶽), 얼굴 위의 다섯 산","오악은 얼굴의 다섯 부위 — 이마·코·좌우 광대·턱 — 를 중국의 다섯 명산에 비유해 부르는 이름입니다. 이마는 북악, 코는 중악, 좌측 광대는 동악, 우측 광대는 서악, 턱은 남악에 해당한다고 봅니다. 다섯 산이 각각 적당히 도드라져 있으면서도 서로 조화를 이루면 좋은 상으로 여기며, 특히 얼굴 정중앙에 있는 코(중악)가 오악의 중심으로서 재물운과 자존감의 핵심으로 해석됩니다.",운세길 '관상이란' (saju.nomadinfo.co.kr/guide/gwansang)
G007,관상학,이론,동서양 관상학 비교,,,"동양의 관상학과 서양의 인상학, 무엇이 다른가","서양의 관상학(physiognomy)은 주로 얼굴의 각도·비례·대칭 등 기하학적 요소를 중시하며 발전했고, 후에는 심리학의 '첫인상 효과' 연구와 맞닿아 있습니다. 반면 동양의 관상학은 삼정·오악·십이궁처럼 얼굴을 상징적인 구역으로 나누고, 그 구역이 상징하는 삶의 영역(재물·형제·자녀·건강 등)과 연결짓는 방식으로 발전했습니다. 두 전통 모두 '얼굴을 보고 사람을 판단한다'는 점은 같지만, 서양이 통계·유형 분류에 가까웠다면 동양은 우주와 인간을 하나로 보는 음양오행 철학 위에서 발전했다는 차이가 있습니다.",위키백과 '관상학' (ko.wikipedia.org)
G008,관상학,이론,관상과 나이,,,관상은 나이에 따라 어떻게 달라지나,"전통 관상학에서는 얼굴의 각 부위가 인생의 특정 나이대를 관장한다고 보는 '유년운기부위가(流年運氣部位歌)'라는 세부 이론이 전해집니다. 이마부터 시작해 눈썹·눈·코·인중·입·턱 순서로 내려가며 대략 1세부터 100세까지의 나이를 부위별로 대응시키는 방식입니다. 예를 들어 이마는 10대~20대 초반, 코는 40대 전후, 턱은 노년기와 연결짓는 식입니다. 이는 얼굴 전체를 '내 인생의 연대기'처럼 읽으려 했던 전통적 관점을 보여줍니다.",운세길 '관상이란' (saju.nomadinfo.co.kr/guide/gwansang)
G009,관상학,이론,관상 보는 순서,,,전통적으로 관상을 보는 순서,"전통 관상에서는 무작정 이목구비 하나하나를 보기보다, 먼저 전체적인 인상(형·기·신)을 살핀 뒤 삼정의 균형을 보고, 그다음 오악과 십이궁 같은 세부 구획을 살피고, 마지막으로 눈·코·입 등 개별 이목구비의 디테일을 보는 순서를 따른다고 전해집니다. 즉 숲을 먼저 보고 나무를 본다는 관점으로, 개별 특징 하나만으로 성급하게 판단하지 않는 것이 전통 관상가들의 기본 태도였다고 합니다.",사주팔자 무료 분석 '관상학 입문' (sajupalza.cc/face-reading/intro)
G010,관상학,이론,얼굴의 좌우 비대칭,,,좌우 얼굴이 다르게 보이는 이유와 관상학적 해석,"사람의 얼굴은 완벽한 좌우 대칭이 아니며, 전통 관상학에서는 왼쪽을 남성적·양(陽)의 기운, 오른쪽을 여성적·음(陰)의 기운과 연결짓는 해석이 전해집니다. 또한 두 관법 중 하나로 왼쪽을 자기 자신, 오른쪽을 배우자나 타인과의 관계로 나눠 보기도 합니다. 다만 이런 좌우 해석은 유파에 따라 기준이 다르므로, 절대적인 규칙이라기보다 여러 관법 중 하나로 참고하는 것이 좋습니다.",사주팔자 무료 분석 '관상학 입문' (sajupalza.cc/face-reading/intro)
G011,관상학,이론,관상과 표정 습관,,,타고난 관상과 후천적으로 만들어지는 인상,"타고난 골격(관상)은 쉽게 바뀌지 않지만, 표정을 짓는 습관은 시간이 지나며 실제로 얼굴 근육과 주름에 흔적을 남긴다고 알려져 있습니다. 자주 웃는 사람은 눈가와 입가에 웃는 주름이 자리 잡고, 자주 찡그리는 사람은 미간에 내 천(川)자 주름이 깊어지는 식입니다. 이런 관점에서 '좋은 관상을 타고나는 것 못지않게, 좋은 표정을 습관으로 만드는 것'이 인상을 가꾸는 현실적인 방법이라고 이야기되곤 합니다.",사주팔자 무료 분석 '관상학 입문' (sajupalza.cc/face-reading/intro)
G012,관상학,이론,관상학과 골상학의 차이,,,관상학은 골상학(우생학)과 어떻게 다른가,"19세기 유럽에서 유행했던 골상학(骨相學)은 두개골의 형태로 지능이나 범죄 성향을 '과학적으로' 판별할 수 있다고 주장하며 인종·계급 차별을 정당화하는 데 악용된 역사가 있습니다. 이는 오늘날 명백한 사이비 과학이자 차별적 이데올로기로 평가됩니다. 이 앱에서 다루는 동양 관상학은 특정 집단을 열등하다고 규정하거나 차별을 정당화하려는 목적이 아니라, 개개인의 특징을 재미와 자기 이해의 소재로 삼는 전통 문화 콘텐츠로 접근하고 있음을 분명히 밝힙니다. 어떤 관상 해석도 특정 인종·성별·연령 집단을 열등하거나 우월하다고 규정하는 데 쓰여서는 안 됩니다.",위키백과 '관상학' (ko.wikipedia.org)
G013,관상학,이론,관상과 첫인상 심리학,,,현대 심리학이 보는 '얼굴과 인상',"현대 심리학에서는 전통 관상학의 해석 체계 자체를 검증하지는 않지만, '사람들이 얼굴을 보고 순식간에 첫인상을 형성하고, 그 첫인상이 이후의 판단에 지속적인 영향을 준다'는 점은 여러 연구로 뒷받침됩니다. 즉 관상학의 해석이 실제로 '운명을 결정'하는 것은 아니지만, 사람들이 특정 인상을 어떻게 받아들이는지는 사회적으로 실재하는 현상입니다. 이 앱의 관상 콘텐츠도 '운명을 예측하는 도구'가 아니라 '얼굴을 소재로 한 재미있는 자기 성찰 콘텐츠'로 즐겨주시길 권합니다.",위키백과 '관상학' (ko.wikipedia.org)
G014,관상학,이론,관상과 직업 적성 총론,,,관상으로 직업 적성을 보는 관점,"전통 관상에서는 오행형(목·화·토·금·수형)과 이목구비의 특징을 종합해 직업 적성을 이야기하는 경우가 많습니다. 화형·용안처럼 표현력이 강조되는 상은 방송·예술 분야를, 금형·각진 얼굴처럼 원칙이 강조되는 상은 법조· 군경 분야를, 토형·둥근 얼굴처럼 포용력이 강조되는 상은 서비스·중재 분야를 권하는 식입니다. 다만 관상 하나로 적성을 단정짓기보다, 자신의 흥미와 강점을 파악하는 여러 참고 자료 중 하나로 활용하는 것이 바람직합니다.",사주팔자 무료 분석 '관상학 입문' (sajupalza.cc/face-reading/intro)
G015,관상학,이론,사주와 관상을 함께 보는 이유,,,"사주와 관상, 왜 함께 보면 좋을까","사주가 '태어난 시점의 우주적 좌표'를 통해 타고난 기질을 읽는다면, 관상은 '지금 이 순간의 얼굴'을 통해 그 기질이 실제로 어떻게 드러나고 있는지를 보여준다고 할 수 있습니다. 전통적으로 명리가들은 사주만으로 판단하기 어려운 부분을 관상으로 보완하거나, 반대로 관상에서 발견한 특징을 사주로 뒷받침해 해석의 설득력을 높이는 방식을 함께 써왔습니다. 이 앱이 사주와 관상을 한 서비스 안에 함께 담은 것도 이런 전통적인 '명리+관상 융합 상담'의 관점을 반영한 것입니다.",사주팔자 무료 분석 '관상학 입문' (sajupalza.cc/face-reading/intro)
G016,관상학,십이궁,명궁,命宮,명궁,명궁(命宮) — 양 눈썹 사이(인당/印堂),"명궁은 십이궁 중 가장 중심이 되는 자리로, 두 눈썹 사이인 인당(印堂)을 가리킵니다. 타고난 성격과 인생 전체의 방향성을 보여주는 자리로 여겨지며, 이 부위가 넓고 매끈하며 흠이 없을수록 마음이 트여 있고 대인관계가 원만하다고 해석됩니다. 반대로 좁고 주름이 많으면 근심이 많고 마음의 여유가 부족한 상으로 보기도 합니다. 십이궁 중 가장 먼저 살피는 자리로 꼽히며, 이 자리가 좋으면 나머지 열한 궁의 기운도 조화롭게 발휘된다고 해석하는 경우가 많습니다.",skyedaily '십이궁의 우두머리 명궁' (skyedaily.com)
G017,관상학,십이궁,재백궁,財帛宮,재백궁,"재백궁(財帛宮) — 코, 특히 코끝(준두/準頭)","재백궁은 코, 그중에서도 콧대가 끝나는 준두(準頭)를 중심으로 봅니다. 재물을 모으고 쓰는 방식, 경제 관념을 보여주는 자리로 여겨지며, 콧대가 곧고 준두가 둥글고 도톰하면 재물운이 안정적이라고 해석됩니다. 코와 함께 좌우 콧방울(재백궁을 지키는 창고에 비유됨)이 적당히 있으면 모은 재물을 지키는 힘도 좋다고 봅니다. 코 전체의 골격과 색택(色澤)까지 함께 살펴, 콧대·준두·콧방울이 고르게 조화를 이룰 때 가장 좋은 재물운으로 해석합니다.",skyedaily '십이궁의 우두머리 명궁' (skyedaily.com)
G018,관상학,십이궁,형제궁,兄弟宮,형제궁,형제궁(兄弟宮) — 눈썹,"형제궁은 눈썹 부위로, 형제자매·동료와의 인연 및 사회적 협력 관계를 보여주는 자리로 여겨집니다. 눈썹이 짙고 가지런하며 눈보다 길게 뻗어 있으면 형제·동료 복이 좋고 대인관계에서 신망을 얻는다고 해석되며, 눈썹이 끊기거나 지나치게 성기면 인간관계에서 굴곡이 있을 수 있다고 봅니다. 눈썹의 숱과 결뿐 아니라 눈썹과 눈 사이의 간격도 함께 살펴, 적당한 간격일 때 원만한 형제·동료 관계로 해석합니다.",skyedaily '십이궁의 우두머리 명궁' (skyedaily.com)
G019,관상학,십이궁,전택궁,田宅宮,전택궁,전택궁(田宅宮) — 눈두덩(윗눈꺼풀과 눈썹 사이),"전택궁은 눈과 눈썹 사이의 눈두덩 부위로, 부동산운과 가정의 안정감을 상징한다고 봅니다. 이 부위가 넓고 깨끗하면 주거 환경이 안정적이고 가정이 화목하다고 해석되며, 좁고 어두운 기색이면 거주 환경의 변동이 잦을 수 있다고 봅니다. 이 부위가 유난히 넓은 사람은 실제로 부동산 관련 직업이나 안정적인 거주 환경과 인연이 깊다고 해석되는 경우가 많습니다.",skyedaily '십이궁의 우두머리 명궁' (skyedaily.com)
G020,관상학,십이궁,남녀궁,男女宮,남녀궁,"남녀궁(男女宮) — 눈 밑(누당/淚堂, 애교살 부위)","남녀궁은 눈 밑, 흔히 '애교살'이라 부르는 누당(淚堂) 부위로, 자녀운과 애정의 결실을 상징한다고 봅니다. 이 부위가 도톰하고 윤기가 있으면 자녀와의 인연이 좋고 정서적으로 안정적이라 해석되며, 꺼지고 어두우면 이 영역에서 마음고생이 있을 수 있다고 봅니다. 이 부위의 혈색이 유난히 좋을 때를 임신이나 좋은 소식의 징조로 풀이하는 민간의 관상 속설도 전해집니다.",skyedaily '십이궁의 우두머리 명궁' (skyedaily.com)
G021,관상학,십이궁,노복궁,奴僕宮,노복궁,노복궁(奴僕宮) — 턱선과 아래턱 양옆,"노복궁은 턱선과 아래턱 양옆 부위로, 아랫사람 복과 통솔력, 만년의 안정을 상징한다고 봅니다. 이 부위가 두툼하고 균형 잡혀 있으면 사람을 잘 이끌고 아랫사람의 도움을 받는다고 해석되며, 뾰족하거나 빈약하면 사람 관리에 어려움을 겪을 수 있다고 봅니다. 턱이 두 겹으로 접히듯 풍만하면 만년의 안정과 아랫사람 복이 더욱 좋다고 해석하는 경우가 많습니다.",skyedaily '십이궁의 우두머리 명궁' (skyedaily.com)
G022,관상학,십이궁,처첩궁,妻妾宮,처첩궁,"처첩궁(妻妾宮) — 눈꼬리(어미/魚尾, 간문/奸門)","처첩궁은 눈꼬리 바깥쪽, 흔히 '어미(魚尾)' 또는 '간문(奸門)'이라 부르는 부위로, 배우자·연인과의 인연을 상징한다고 봅니다. 이 부위가 매끈하고 살집이 도톰하면 애정운이 원만하다고 해석되며, 주름이 어지럽게 얽혀 있으면 애정 관계에서 굴곡이 있을 수 있다고 봅니다. 이 부위에 점이 있으면 애정사에 굴곡이 있다고 보는 민간 속설이 있으나, 현대적으로는 하나의 참고 요소로만 봅니다.",skyedaily '십이궁의 우두머리 명궁' (skyedaily.com)
G023,관상학,십이궁,질액궁,疾厄宮,질액궁,"질액궁(疾厄宮) — 미간 위, 콧대가 시작되는 산근(山根)","질액궁은 두 눈 사이, 콧대가 시작되는 산근(山根) 부위로, 건강과 위기 대응력을 상징한다고 봅니다. 이 부위가 낮게 꺼지지 않고 적당히 두둑하면 건강 관리 능력이 좋고 위기를 잘 넘긴다고 해석되며, 흉터나 굴곡이 있으면 건강에 더 신경 써야 한다고 봅니다. 산근이 낮게 이어지는 사람은 체력 관리에 좀 더 신경 써야 한다고 해석하는 경우가 많고, 반대로 두둑하면 위기 대응력이 좋다고 봅니다.",skyedaily '십이궁의 우두머리 명궁' (skyedaily.com)
G024,관상학,십이궁,천이궁,遷移宮,천이궁,"천이궁(遷移宮) — 눈썹꼬리 바깥, 이마 양쪽 끝","천이궁은 눈썹꼬리 바깥쪽 이마 양끝 부위로, 이동·여행·해외 진출 등 환경 변화운을 상징한다고 봅니다. 이 부위가 넓고 깨끗하면 타지에서도 잘 적응하고 기회를 얻는다고 해석되며, 움푹하거나 흠이 있으면 이동 중 어려움을 겪을 수 있다고 봅니다. 이 부위가 발달한 사람은 실제로 유학·이민·해외 근무 등 국제적인 활동과 인연이 깊다고 해석되는 경우가 많습니다.",skyedaily '십이궁의 우두머리 명궁' (skyedaily.com)
G025,관상학,십이궁,관록궁,官祿宮,관록궁,관록궁(官祿宮) — 이마 정중앙,"관록궁은 이마 한가운데 부위로, 직업운과 사회적 명예를 상징한다고 봅니다. 이 부위가 넓고 반듯하며 윤기가 있으면 직장·사업에서 성취를 이루고 명예를 얻는다고 해석되며, 좁거나 흉터가 있으면 직업적으로 굴곡을 겪을 수 있다고 봅니다. 이마 중앙에 흉터나 뾰루지가 자주 생기는 시기를 직업적으로 스트레스가 큰 시기로 풀이하는 민간 속설도 있습니다.",skyedaily '십이궁의 우두머리 명궁' (skyedaily.com)
G026,관상학,십이궁,복덕궁,福德宮,복덕궁,"복덕궁(福德宮) — 눈썹 위, 이마 양쪽","복덕궁은 눈썹 바로 위 이마 양쪽 부위로, 타고난 복과 정신적 여유를 상징한다고 봅니다. 이 부위가 도톰하고 밝으면 타고난 복이 많고 마음의 여유가 있다고 해석되며, 꺼져 있으면 정신적으로 조급해지기 쉽다고 봅니다. 이 부위가 풍만한 사람은 실제로 여유로운 마음가짐 덕분에 대인관계에서 신뢰를 얻는 경우가 많다고 해석됩니다.",skyedaily '십이궁의 우두머리 명궁' (skyedaily.com)
G027,관상학,십이궁,부모궁,父母宮,부모궁,부모궁(父母宮) — 이마 양쪽(일각/日角·월각/月角),"부모궁은 이마 양쪽, 일각(日角)·월각(月角)이라 부르는 부위로, 부모와의 인연과 초년 성장 배경을 상징한다고 봅니다. 이 부위가 둥글고 튀어나와 있으면 부모의 덕을 많이 본다고 해석되며, 움푹하거나 흠이 있으면 초년에 부모와의 인연에서 굴곡이 있을 수 있다고 봅니다. 이 부위에 흠이 없이 매끈하면 부모와의 관계가 원만하고, 초년에 안정적인 지원을 받는다고 해석하는 경우가 많습니다.",skyedaily '십이궁의 우두머리 명궁' (skyedaily.com)
G028,관상학,오행형,목형,木形,목형,목형(木形) — 갸름하고 세로로 긴 얼굴,"목형은 이마가 넓은 편이고 전체적으로 얼굴이 세로로 길며 턱이 좁아지는 형태를 말합니다. 코도 바르고 길며 눈도 갸름하게 긴 편이라고 봅니다. 목의 기운답게 곧고 위로 뻗는 성장 지향적 성격, 자존심과 원칙을 중시하는 기질과 연결지어 해석됩니다. 목형인 사람은 꾸준히 성장하는 분야, 예를 들어 교육·출판·임업·목공예처럼 '기르고 뻗어나가는' 성격의 일과 잘 맞는다고 해석됩니다.",투데이신문 '오행이 관상에서 어떻게 사용되는가' (ntoday.co.kr)
G029,관상학,오행형,화형,火形,화형,화형(火形) — 위가 좁고 아래가 넓은 역삼각 인상,"화형은 이마 쪽이 상대적으로 좁고 아래턱 쪽이 넓어지는 형태로, 광대가 두드러져 보이는 경우가 많다고 봅니다. 불의 기운답게 열정적이고 표현력이 풍부하며, 순간적인 판단력과 추진력이 강하다고 해석됩니다. 화형인 사람은 열정과 표현력을 살릴 수 있는 방송·예술·마케팅·요식업 분야에서 두각을 나타낸다고 해석되는 경우가 많습니다.",투데이신문 '오행이 관상에서 어떻게 사용되는가' (ntoday.co.kr)
G030,관상학,오행형,토형,土形,토형,토형(土形) — 네모지면서 둥근 두터운 인상,"토형은 얼굴이 네모진 듯하면서도 가장자리가 둥글둥글하고, 전체적으로 두툼한 인상을 줍니다. 흙의 기운답게 신뢰감 있고 안정적이며, 묵묵히 중심을 잡아주는 포용력 있는 성격과 연결지어 해석됩니다. 토형인 사람은 신뢰와 안정감이 필요한 부동산·행정·중재·상담 분야에서 강점을 발휘한다고 해석됩니다.",투데이신문 '오행이 관상에서 어떻게 사용되는가' (ntoday.co.kr)
G031,관상학,오행형,금형,金形,금형,금형(金形) — 이마와 턱이 각진 네모 얼굴,"금형은 이마도 네모지게 각이 지고 턱도 네모지게 각이 나서 전체적으로 네모난 얼굴형을 이룹니다. 쇠의 기운답게 원칙적이고 결단력이 강하며, 맺고 끊음이 분명한 강단 있는 성격과 연결지어 해석됩니다. 금형인 사람은 원칙과 결단력이 필요한 법조·금융·군경·기술 분야와 잘 맞는다고 해석되는 경우가 많습니다.",투데이신문 '오행이 관상에서 어떻게 사용되는가' (ntoday.co.kr)
G032,관상학,오행형,수형,水形,수형,수형(水形) — 둥글둥글하고 살집이 있는 인상,"수형은 얼굴 윤곽이 둥글둥글하고 이목구비의 경계가 부드러우며, 전체적으로 통통한 인상을 주는 형태로 봅니다. 물의 기운답게 유연하고 사교적이며, 상황에 맞춰 지혜롭게 대처하는 융통성과 연결지어 해석됩니다. 수형인 사람은 유연한 사고와 소통 능력이 필요한 영업·외교·연구·물류 분야에서 강점을 보인다고 해석됩니다.",투데이신문 '오행이 관상에서 어떻게 사용되는가' (ntoday.co.kr)
G033,관상학,눈,봉안,鳳眼,봉안,봉안 — 가늘고 길며 꼬리가 올라간 눈,"봉황의 눈에 비유되는 형태로, 눈꼬리가 길고 살짝 올라가 있으며 눈동자가 또렷한 것이 특징입니다. 전통 관상에서는 어짊과 지혜, 앞을 내다보는 통찰력을 상징하는 좋은 눈매로 꼽힙니다. 이런 눈매를 가진 사람은 차분하면서도 상황을 꿰뚫어 보는 통찰력이 있다는 평가를 받는 경우가 많다고 해석됩니다. 다만 관상학에서도 눈은 '마음의 창'이라 하여, 생김새 자체보다 눈빛에 담긴 총기와 안정감을 더 중요하게 본다는 점을 함께 기억해두면 좋습니다.",에스콰이어 코리아 '셀럽으로 보는 눈 관상 7가지' (esquirekorea.co.kr)
G034,관상학,눈,용안,龍眼,용안,용안 — 눈과 눈썹이 길게 이어지는 눈,"눈과 눈썹이 유려하게 이어지며 흐르는 듯한 인상을 주는 눈매입니다. 봉안 다음으로 귀하게 여겨지는 눈으로, 품격 있고 리더십 있는 인상을 상징한다고 해석됩니다. 이런 눈매를 가진 사람은 자연스럽게 무리 속에서 눈에 띄는 존재감을 지닌다고 해석되는 경우가 많습니다. 다만 관상학에서도 눈은 '마음의 창'이라 하여, 생김새 자체보다 눈빛에 담긴 총기와 안정감을 더 중요하게 본다는 점을 함께 기억해두면 좋습니다.",에스콰이어 코리아 '셀럽으로 보는 눈 관상 7가지' (esquirekorea.co.kr)
G035,관상학,눈,삼백안,三白眼,삼백안,삼백안 — 흰자위가 세 방향에서 보이는 눈,"눈동자를 기준으로 좌우와 위 또는 아래, 세 방향에서 흰자위가 드러나 보이는 눈입니다. 위쪽 흰자위가 보이는 상삼백안은 상대를 내려다보는 듯한 강한 인상과 연결짓고, 아래쪽이 보이는 하삼백안은 예리하고 승부욕 있는 인상과 연결짓는 경우가 많습니다. 다만 삼백안이라도 눈빛에 온기가 있으면 강렬한 매력으로 재해석되기도 해, 눈매 하나만으로 단정짓지 않는 것이 좋다고 봅니다. 다만 관상학에서도 눈은 '마음의 창'이라 하여, 생김새 자체보다 눈빛에 담긴 총기와 안정감을 더 중요하게 본다는 점을 함께 기억해두면 좋습니다.",에스콰이어 코리아 '셀럽으로 보는 눈 관상 7가지' (esquirekorea.co.kr)
G036,관상학,눈,올라간 눈(상꼬리눈),,올라간 눈(상꼬리눈),올라간 눈(상꼬리눈) — 눈꼬리가 위로 올라간 눈,"눈꼬리가 눈머리보다 위로 올라간 형태로, 야무지고 카리스마 있는 인상을 준다고 해석됩니다. 목표 지향적이고 자기 주관이 뚜렷한 성격과 연결짓는 경우가 많습니다. 이런 눈매는 첫인상이 강해 보일 수 있지만, 실제로는 명확한 기준과 원칙을 지닌 신뢰형 성격인 경우가 많다고 해석됩니다. 다만 관상학에서도 눈은 '마음의 창'이라 하여, 생김새 자체보다 눈빛에 담긴 총기와 안정감을 더 중요하게 본다는 점을 함께 기억해두면 좋습니다.",에스콰이어 코리아 '셀럽으로 보는 눈 관상 7가지' (esquirekorea.co.kr)
G037,관상학,눈,처진 눈,,처진 눈,처진 눈 — 눈꼬리가 아래로 처진 눈,"눈꼬리가 눈머리보다 아래로 처진 형태로, 순하고 편안한 인상을 준다고 해석됩니다. 친근하고 다정하며 상대를 배려하는 성격과 연결짓는 경우가 많습니다. 이런 눈매는 상대방을 무장해제시키는 편안함이 있어, 서비스업이나 상담직에서 강점으로 작용한다고 보기도 합니다. 다만 관상학에서도 눈은 '마음의 창'이라 하여, 생김새 자체보다 눈빛에 담긴 총기와 안정감을 더 중요하게 본다는 점을 함께 기억해두면 좋습니다.",에스콰이어 코리아 '셀럽으로 보는 눈 관상 7가지' (esquirekorea.co.kr)
G038,관상학,눈,쌍꺼풀눈,,쌍꺼풀눈,쌍꺼풀눈 — 눈꺼풀에 접힌 주름이 있는 눈,"윗눈꺼풀에 접힌 선이 있어 눈이 또렷하고 커 보이는 형태입니다. 감정 표현이 풍부하고 사교적이며 자기 표현에 적극적인 성격과 연결짓는 경우가 많습니다. 다만 쌍꺼풀의 유무보다 눈동자의 총기와 안정감이 더 중요한 관상 포인트로 여겨진다는 점도 함께 참고하면 좋습니다. 다만 관상학에서도 눈은 '마음의 창'이라 하여, 생김새 자체보다 눈빛에 담긴 총기와 안정감을 더 중요하게 본다는 점을 함께 기억해두면 좋습니다.",에스콰이어 코리아 '셀럽으로 보는 눈 관상 7가지' (esquirekorea.co.kr)
G039,관상학,눈,홑꺼풀눈,,홑꺼풀눈,홑꺼풀눈 — 접힌 주름 없이 매끈한 눈,"윗눈꺼풀에 접힌 선이 없이 매끈하게 이어지는 형태입니다. 차분하고 속이 깊으며, 감정을 잘 드러내지 않는 신중한 성격과 연결짓는 경우가 많습니다. 이런 눈매를 가진 사람은 겉으로 드러나지 않는 내공과 뚝심을 지녔다는 평가를 받는 경우가 많다고 해석됩니다. 다만 관상학에서도 눈은 '마음의 창'이라 하여, 생김새 자체보다 눈빛에 담긴 총기와 안정감을 더 중요하게 본다는 점을 함께 기억해두면 좋습니다.",에스콰이어 코리아 '셀럽으로 보는 눈 관상 7가지' (esquirekorea.co.kr)
G040,관상학,눈,왕방울눈(큰 눈),,왕방울눈(큰 눈),왕방울눈(큰 눈) — 눈이 크고 또렷한 눈,"눈동자와 눈 전체 면적이 커서 시원하고 또렷해 보이는 눈입니다. 감수성이 풍부하고 표현력이 좋으며 사람을 끌어당기는 매력이 있는 인상으로 해석됩니다. 이런 눈매는 솔직하고 감정에 충실한 인상을 주지만, 감정 기복을 조절하는 연습이 도움이 된다고 보기도 합니다. 다만 관상학에서도 눈은 '마음의 창'이라 하여, 생김새 자체보다 눈빛에 담긴 총기와 안정감을 더 중요하게 본다는 점을 함께 기억해두면 좋습니다.",에스콰이어 코리아 '셀럽으로 보는 눈 관상 7가지' (esquirekorea.co.kr)
G041,관상학,코,오뚝한 코,,오뚝한 코,오뚝한 코 — 콧대가 곧고 높이 솟은 코,"콧대가 곧고 시원하게 뻗은 코로, 재물운과 자존감을 상징하는 재백궁이 잘 발달한 상으로 해석됩니다. 주관이 뚜렷하고 자신감 있는 인상과 연결짓습니다. 다만 콧대만 높고 콧볼이 빈약하면 재물을 벌어도 지키기 어렵다고 해석되어, 콧볼의 발달 정도도 함께 살피는 것이 좋다고 봅니다. 코는 얼굴 중앙에 있어 인상 전체의 균형을 좌우하는 만큼, 다른 이목구비와의 조화를 함께 살피는 것이 정확한 해석에 가깝다고 봅니다.",준성기 매거진 '돈 많은 관상은 따로 있다' (junsungki.com)
G042,관상학,코,들창코,,들창코,들창코 — 콧대가 낮고 콧구멍이 위로 들린 코,"콧대가 낮고 코끝이 위를 향해 살짝 들린 형태입니다. 솔직하고 애교 있는 인상을 주며, 감정을 숨기지 않는 활달한 성격과 연결짓는 경우가 많습니다. 이런 코를 가진 사람은 사람을 가리지 않고 두루 친해지는 사교성이 장점으로 꼽힙니다. 코는 얼굴 중앙에 있어 인상 전체의 균형을 좌우하는 만큼, 다른 이목구비와의 조화를 함께 살피는 것이 정확한 해석에 가깝다고 봅니다.",준성기 매거진 '돈 많은 관상은 따로 있다' (junsungki.com)
G043,관상학,코,매부리코,,매부리코,매부리코 — 콧대 중간이 튀어나오고 코끝이 아래로 굽은 코,"콧대 중간이 볼록하고 코끝이 매의 부리처럼 아래로 휘어진 형태입니다. 예리하고 야망이 크며 목표 지향적인 성격과 연결짓는 경우가 많고, 사업 수완이 있다고 해석되기도 합니다. 역사적으로 야망가·사업가형 코로 자주 언급되지만, 지나치게 날카로운 인상은 부드러운 표정으로 균형을 잡는 것이 좋다고 봅니다. 코는 얼굴 중앙에 있어 인상 전체의 균형을 좌우하는 만큼, 다른 이목구비와의 조화를 함께 살피는 것이 정확한 해석에 가깝다고 봅니다.",준성기 매거진 '돈 많은 관상은 따로 있다' (junsungki.com)
G044,관상학,코,주먹코,,주먹코,주먹코 — 코끝이 둥글고 큼직한 코,"코끝(준두)이 둥글고 큼직하게 발달한 형태입니다. 재물을 모으는 그릇이 크고 포용력이 있는 인상으로 해석되며, 서두르지 않는 여유로운 성격과 연결짓습니다. 이런 코를 가진 사람은 서두르지 않고 신용을 쌓아가며 부를 키우는 스타일과 잘 맞는다고 해석됩니다. 코는 얼굴 중앙에 있어 인상 전체의 균형을 좌우하는 만큼, 다른 이목구비와의 조화를 함께 살피는 것이 정확한 해석에 가깝다고 봅니다.",준성기 매거진 '돈 많은 관상은 따로 있다' (junsungki.com)
G045,관상학,코,낮은 코,,낮은 코,낮은 코 — 콧대가 완만하고 낮은 코,"콧대의 굴곡이 적고 완만하게 낮은 형태입니다. 온화하고 겸손하며, 자기 주장을 강하게 내세우기보다 주변과 조화를 이루는 성격과 연결짓는 경우가 많습니다. 이런 코를 가진 사람은 자기 주장을 강하게 내세우기보다 협력과 조화를 통해 목표를 이루는 유형으로 해석됩니다. 코는 얼굴 중앙에 있어 인상 전체의 균형을 좌우하는 만큼, 다른 이목구비와의 조화를 함께 살피는 것이 정확한 해석에 가깝다고 봅니다.",준성기 매거진 '돈 많은 관상은 따로 있다' (junsungki.com)
G046,관상학,코,콧볼이 발달한 코,,콧볼이 발달한 코,콧볼이 발달한 코 — 좌우 콧방울이 두둑한 코,"코끝 양옆의 콧방울(콧볼)이 두둑하게 발달한 형태로, 전통 관상에서는 재물을 지키는 창고에 비유합니다. 모은 재물을 잘 관리하고 저축하는 알뜰한 성향과 연결짓습니다. 재백궁의 '창고'가 튼튼한 상으로 여겨져, 번 돈을 잃지 않고 잘 지키는 알뜰한 재물관과 연결짓는 경우가 많습니다. 코는 얼굴 중앙에 있어 인상 전체의 균형을 좌우하는 만큼, 다른 이목구비와의 조화를 함께 살피는 것이 정확한 해석에 가깝다고 봅니다.",준성기 매거진 '돈 많은 관상은 따로 있다' (junsungki.com)
G047,관상학,입,큰 입,,큰 입,큰 입 — 입꼬리 폭이 넓은 입,"입의 가로 폭이 넓은 형태로, 리더십과 포부, 사교성을 상징한다고 해석됩니다. 말과 행동에 힘이 있고 통이 큰 성격과 연결짓는 경우가 많습니다. 예로부터 '입이 큰 사람이 복이 크다'는 속설과 연결지어, 포부와 그릇이 큰 사람으로 해석하는 경우가 많습니다. 입은 말과 표정이 가장 많이 드러나는 부위이기 때문에, 정지된 모양보다 웃을 때·말할 때의 인상까지 함께 살피는 것이 전통적인 관법에 가깝습니다.",준성기 매거진 '돈 많은 관상은 따로 있다' (junsungki.com)
G048,관상학,입,작은 입,,작은 입,작은 입 — 입꼬리 폭이 좁은 아담한 입,"입의 가로 폭이 좁고 아담한 형태로, 섬세하고 신중한 언행을 상징한다고 해석됩니다. 계획적이고 꼼꼼한 성격과 연결짓는 경우가 많습니다. 이런 입을 가진 사람은 말을 아끼고 신중하게 행동해 신뢰를 쌓는 유형으로 해석되는 경우가 많습니다. 입은 말과 표정이 가장 많이 드러나는 부위이기 때문에, 정지된 모양보다 웃을 때·말할 때의 인상까지 함께 살피는 것이 전통적인 관법에 가깝습니다.",준성기 매거진 '돈 많은 관상은 따로 있다' (junsungki.com)
G049,관상학,입,두꺼운 입술,,두꺼운 입술,두꺼운 입술 — 입술의 살집이 도톰한 입,"위아래 입술이 도톰하게 발달한 형태로, 정이 많고 애정 표현이 풍부한 성격을 상징한다고 해석됩니다. 인간관계에서 따뜻하고 헌신적인 태도와 연결짓습니다. 이런 입술을 가진 사람은 사람들과의 정서적 교감을 중요하게 여기는 따뜻한 성향으로 해석됩니다. 입은 말과 표정이 가장 많이 드러나는 부위이기 때문에, 정지된 모양보다 웃을 때·말할 때의 인상까지 함께 살피는 것이 전통적인 관법에 가깝습니다.",준성기 매거진 '돈 많은 관상은 따로 있다' (junsungki.com)
G050,관상학,입,얇은 입술,,얇은 입술,얇은 입술 — 입술의 살집이 적은 입,"위아래 입술이 상대적으로 얇은 형태로, 이성적이고 절제된 성격을 상징한다고 해석됩니다. 감정보다 논리를 우선하는 냉철한 판단력과 연결짓는 경우가 많습니다. 이런 입술을 가진 사람은 상황을 냉정하게 판단하는 능력이 뛰어나 협상이나 전략 수립에 강점이 있다고 봅니다. 입은 말과 표정이 가장 많이 드러나는 부위이기 때문에, 정지된 모양보다 웃을 때·말할 때의 인상까지 함께 살피는 것이 전통적인 관법에 가깝습니다.",준성기 매거진 '돈 많은 관상은 따로 있다' (junsungki.com)
G051,관상학,입,올라간 입꼬리,,올라간 입꼬리,올라간 입꼬리 — 입꼬리가 위를 향한 입,"가만히 있어도 입꼬리가 살짝 올라가 보이는 형태로, 낙천적이고 긍정적인 인상을 준다고 해석됩니다. 대인관계에서 호감을 사기 쉬운 인상으로 꼽힙니다. 가만히 있어도 웃는 인상이라 사람들에게 좋은 첫인상을 주기 쉬운 관상으로 꼽힙니다. 입은 말과 표정이 가장 많이 드러나는 부위이기 때문에, 정지된 모양보다 웃을 때·말할 때의 인상까지 함께 살피는 것이 전통적인 관법에 가깝습니다.",준성기 매거진 '돈 많은 관상은 따로 있다' (junsungki.com)
G052,관상학,입,처진 입꼬리,,처진 입꼬리,처진 입꼬리 — 입꼬리가 아래를 향한 입,"가만히 있을 때 입꼬리가 아래로 향해 보이는 형태입니다. 신중하고 진지한 인상을 주며, 원칙을 중시하는 성실한 성격과 연결짓는 경우가 많습니다. 이런 입매는 신중하고 무게감 있는 인상을 주지만, 의식적으로 미소를 짓는 습관이 인상을 더 부드럽게 해준다고 봅니다. 입은 말과 표정이 가장 많이 드러나는 부위이기 때문에, 정지된 모양보다 웃을 때·말할 때의 인상까지 함께 살피는 것이 전통적인 관법에 가깝습니다.",준성기 매거진 '돈 많은 관상은 따로 있다' (junsungki.com)
G053,관상학,이마,넓은 이마,,넓은 이마,넓은 이마 — 가로·세로로 시원하게 넓은 이마,"이마가 넓고 시원하게 트인 형태로, 지혜와 초년운을 상징하는 자리가 잘 발달한 상으로 해석됩니다. 생각이 트여 있고 배움을 즐기는 성향과 연결짓습니다. 예로부터 '이마가 넓으면 초년 복이 좋다'는 말이 전해질 만큼, 관록궁·복덕궁이 함께 발달한 좋은 상으로 여겨집니다. 이마는 삼정 중 상정에 해당해 초년운을 대표하는 자리인 만큼, 헤어라인 관리나 표정 습관에 따라 인상이 달라질 수 있는 부위이기도 합니다.",관상학 이마·눈썹·귀 관련 검색 정리(준성기 매거진 외)
G054,관상학,이마,좁은 이마,,좁은 이마,좁은 이마 — 가로 폭이 좁은 이마,"이마의 폭이 좁은 형태로, 실속을 중시하고 현실 감각이 뛰어나다고 해석됩니다. 이상보다 실질적인 성과를 우선하는 성향과 연결짓는 경우가 많습니다. 이런 이마를 가진 사람은 이론보다 실전에서 능력을 발휘하는 실무형으로 해석되는 경우가 많습니다. 이마는 삼정 중 상정에 해당해 초년운을 대표하는 자리인 만큼, 헤어라인 관리나 표정 습관에 따라 인상이 달라질 수 있는 부위이기도 합니다.",관상학 이마·눈썹·귀 관련 검색 정리(준성기 매거진 외)
G055,관상학,이마,M자 이마,,M자 이마,M자 이마 — 양쪽이 둥글게 들어간 이마,"이마 양쪽 헤어라인이 둥글게 들어간 M자 형태입니다. 감성이 풍부하고 독창적이며, 예술적·문학적 소질과 연결지어 해석되는 경우가 많습니다. 역사적으로 예술가·창작자 유형에서 자주 언급되는 이마 형태로, 남다른 발상을 높이 평가받는 경우가 많습니다. 이마는 삼정 중 상정에 해당해 초년운을 대표하는 자리인 만큼, 헤어라인 관리나 표정 습관에 따라 인상이 달라질 수 있는 부위이기도 합니다.",관상학 이마·눈썹·귀 관련 검색 정리(준성기 매거진 외)
G056,관상학,이마,볼록한 이마,,볼록한 이마,볼록한 이마 — 옆에서 볼 때 앞으로 튀어나온 이마,"옆모습에서 볼 때 이마가 볼록하게 튀어나온 형태입니다. 밝고 진취적인 사고, 예리한 감각과 실행력, 사교적인 성향과 연결지어 해석됩니다. 이런 이마를 가진 사람은 순발력이 뛰어나 즉흥적인 상황 대처 능력이 강점으로 꼽힙니다. 이마는 삼정 중 상정에 해당해 초년운을 대표하는 자리인 만큼, 헤어라인 관리나 표정 습관에 따라 인상이 달라질 수 있는 부위이기도 합니다.",관상학 이마·눈썹·귀 관련 검색 정리(준성기 매거진 외)
G057,관상학,이마,오목한 이마,,오목한 이마,오목한 이마 — 옆에서 볼 때 평평하거나 들어간 이마,"옆모습에서 볼 때 이마가 평평하거나 살짝 들어간 형태입니다. 내성적이지만 성실하고 착실하게 노력하는 인생 태도와 연결지어 해석됩니다. 이런 이마를 가진 사람은 화려함보다 꾸준함으로 성과를 만들어가는 대기만성형으로 해석되는 경우가 많습니다. 이마는 삼정 중 상정에 해당해 초년운을 대표하는 자리인 만큼, 헤어라인 관리나 표정 습관에 따라 인상이 달라질 수 있는 부위이기도 합니다.",관상학 이마·눈썹·귀 관련 검색 정리(준성기 매거진 외)
G058,관상학,눈썹,일자 눈썹,,일자 눈썹,일자 눈썹 — 굴곡 없이 곧게 뻗은 눈썹,"눈썹이 활 모양의 굴곡 없이 일직선에 가깝게 뻗은 형태입니다. 우직하고 신념이 강하며, 한번 마음먹은 일은 끝까지 밀고 나가는 뚝심과 연결짓는 경우가 많습니다. 이런 눈썹을 가진 사람은 겉치레보다 실질을 중시하는 우직한 성향과 자주 연결지어집니다. 눈썹은 다듬는 방식에 따라 인상이 크게 달라지는 부위라, 전통 관상에서도 '눈썹을 잘 관리하면 인복이 는다'는 말이 전해질 정도로 관리의 중요성을 강조합니다.",관상학 이마·눈썹·귀 관련 검색 정리(준성기 매거진 외)
G059,관상학,눈썹,아치형 눈썹,,아치형 눈썹,아치형 눈썹 — 부드러운 곡선을 그리는 눈썹,"눈썹 중간이 살짝 솟아 부드러운 곡선을 그리는 형태입니다. 유연하고 사교적이며, 온화하면서도 세련된 인상과 연결지어 해석됩니다. 이런 눈썹을 가진 사람은 사람들 사이에서 분위기를 부드럽게 만드는 재주가 있다고 해석됩니다. 눈썹은 다듬는 방식에 따라 인상이 크게 달라지는 부위라, 전통 관상에서도 '눈썹을 잘 관리하면 인복이 는다'는 말이 전해질 정도로 관리의 중요성을 강조합니다.",관상학 이마·눈썹·귀 관련 검색 정리(준성기 매거진 외)
G060,관상학,눈썹,짙은 눈썹,,짙은 눈썹,짙은 눈썹 — 숱이 많고 색이 진한 눈썹,"숱이 풍성하고 색이 진한 눈썹으로, 형제궁이 강하게 발달한 상으로 해석됩니다. 결단력과 추진력이 강하고 감정 표현이 솔직한 성격과 연결짓습니다. 이런 눈썹을 가진 사람은 감정 표현이 솔직해 진심이 잘 전달되는 사람이라는 평가를 받는 경우가 많습니다. 눈썹은 다듬는 방식에 따라 인상이 크게 달라지는 부위라, 전통 관상에서도 '눈썹을 잘 관리하면 인복이 는다'는 말이 전해질 정도로 관리의 중요성을 강조합니다.",관상학 이마·눈썹·귀 관련 검색 정리(준성기 매거진 외)
G061,관상학,눈썹,흐린 눈썹,,흐린 눈썹,흐린 눈썹 — 숱이 적고 색이 옅은 눈썹,"숱이 적고 색이 옅어 존재감이 약한 눈썹입니다. 온화하고 느긋한 성격과 연결지어 해석되며, 대인관계에서 다소 수동적인 태도로 풀이되기도 합니다. 이런 눈썹을 가진 사람은 다투기보다 양보하는 평화주의적 성향과 연결지어 해석되는 경우가 많습니다. 눈썹은 다듬는 방식에 따라 인상이 크게 달라지는 부위라, 전통 관상에서도 '눈썹을 잘 관리하면 인복이 는다'는 말이 전해질 정도로 관리의 중요성을 강조합니다.",관상학 이마·눈썹·귀 관련 검색 정리(준성기 매거진 외)
G062,관상학,눈썹,미간이 좁은 눈썹,,미간이 좁은 눈썹,미간이 좁은 눈썹 — 양쪽 눈썹 사이가 가까운 눈썹,"명궁(양 눈썹 사이)이 좁아 보이는 눈썹 배치입니다. 집중력이 좋고 몰입을 잘하는 반면, 마음의 여유를 챙기는 것이 중요하다고 해석되는 경우가 많습니다. 이런 인상은 몰입력이 좋은 대신, 의식적으로 여유를 갖는 연습이 도움이 된다고 해석됩니다. 눈썹은 다듬는 방식에 따라 인상이 크게 달라지는 부위라, 전통 관상에서도 '눈썹을 잘 관리하면 인복이 는다'는 말이 전해질 정도로 관리의 중요성을 강조합니다.",관상학 이마·눈썹·귀 관련 검색 정리(준성기 매거진 외)
G063,관상학,얼굴형,계란형(타원형) 얼굴,,계란형(타원형) 얼굴,계란형(타원형) 얼굴 — 이마와 턱의 균형이 좋은 갸름한 얼굴,"이마와 광대, 턱의 폭 차이가 크지 않고 부드러운 곡선을 그리는 균형 잡힌 얼굴형입니다. 전통적으로 대인관계 운이 좋고 조화로운 성격을 상징하는 상으로 꼽힙니다. 전통 관상에서 가장 이상적인 얼굴형으로 꼽히는 경우가 많으며, 삼정의 균형이 좋을 때 이 형태가 두드러진다고 봅니다. 얼굴형은 삼정의 균형과 함께 볼 때 더 정확하게 해석된다고 여겨지며, 특정 얼굴형 하나만으로 운명을 단정짓지 않는 것이 전통 관상학의 기본 태도이기도 합니다.",사주팔자 무료 분석 '관상학 입문' (sajupalza.cc/face-reading/intro)
G064,관상학,얼굴형,둥근 얼굴,,둥근 얼굴,둥근 얼굴 — 볼과 턱선이 둥글둥글한 얼굴,"광대와 턱선이 각지지 않고 둥글게 이어지는 얼굴형입니다. 온화하고 사교적이며, 사람을 편안하게 해주는 친근한 인상과 연결지어 해석됩니다. 이런 얼굴형을 가진 사람은 낯가림이 적고 누구와도 쉽게 친해지는 친화력이 강점으로 꼽힙니다. 얼굴형은 삼정의 균형과 함께 볼 때 더 정확하게 해석된다고 여겨지며, 특정 얼굴형 하나만으로 운명을 단정짓지 않는 것이 전통 관상학의 기본 태도이기도 합니다.",사주팔자 무료 분석 '관상학 입문' (sajupalza.cc/face-reading/intro)
G065,관상학,얼굴형,각진 얼굴(사각형),,각진 얼굴(사각형),각진 얼굴(사각형) — 턱과 광대가 뚜렷하게 각진 얼굴,"턱선과 광대뼈가 뚜렷하게 각져 보이는 얼굴형입니다. 결단력 있고 추진력이 좋으며, 한번 마음먹은 일은 끝까지 해내는 뚝심 있는 성격과 연결지어 해석됩니다. 이런 얼굴형을 가진 사람은 위기 상황에서 흔들리지 않는 강단으로 신뢰를 얻는 경우가 많다고 해석됩니다. 얼굴형은 삼정의 균형과 함께 볼 때 더 정확하게 해석된다고 여겨지며, 특정 얼굴형 하나만으로 운명을 단정짓지 않는 것이 전통 관상학의 기본 태도이기도 합니다.",사주팔자 무료 분석 '관상학 입문' (sajupalza.cc/face-reading/intro)
G066,관상학,얼굴형,긴 얼굴(장방형),,긴 얼굴(장방형),긴 얼굴(장방형) — 세로 길이가 두드러지는 얼굴,"얼굴의 세로 길이가 가로 폭에 비해 긴 형태입니다. 차분하고 사려 깊은 인상을 주며, 장기적인 안목이 필요한 일에서 진가를 발휘한다고 해석됩니다. 이런 얼굴형을 가진 사람은 신중한 판단력 덕분에 중요한 결정을 맡기기 좋은 사람으로 평가받는 경우가 많습니다. 얼굴형은 삼정의 균형과 함께 볼 때 더 정확하게 해석된다고 여겨지며, 특정 얼굴형 하나만으로 운명을 단정짓지 않는 것이 전통 관상학의 기본 태도이기도 합니다.",사주팔자 무료 분석 '관상학 입문' (sajupalza.cc/face-reading/intro)
G067,관상학,얼굴형,역삼각형 얼굴,,역삼각형 얼굴,역삼각형 얼굴 — 이마는 넓고 턱은 좁은 얼굴,"이마와 광대 쪽은 넓지만 턱으로 갈수록 좁아지는 형태입니다. 감성적이고 지적이며, 예민한 감수성과 창의력을 상징한다고 해석되는 경우가 많습니다. 이런 얼굴형을 가진 사람은 남다른 감각과 아이디어로 창작·기획 분야에서 두각을 나타낸다고 해석됩니다. 얼굴형은 삼정의 균형과 함께 볼 때 더 정확하게 해석된다고 여겨지며, 특정 얼굴형 하나만으로 운명을 단정짓지 않는 것이 전통 관상학의 기본 태도이기도 합니다.",사주팔자 무료 분석 '관상학 입문' (sajupalza.cc/face-reading/intro)
G068,관상학,귀,큰 귀,,큰 귀,큰 귀 — 귓바퀴 전체가 크게 발달한 귀,"귀 전체가 크고 뚜렷하게 발달한 형태로, 전통 관상에서는 도량이 크고 복이 많은 상으로 꼽힙니다. 귀는 초년운(약 1~14세)을 보여주는 자리로 여겨집니다. 예로부터 불상의 귀처럼 큰 귀를 복이 많은 상으로 여겨왔으며, 대인관계에서도 포용력 있는 인상을 준다고 봅니다. 귀는 태어날 때의 골격이 가장 많이 반영되는 부위라 하여, 전통적으로 부모에게 물려받은 선천적인 복을 보여주는 자리로 여겨져 왔습니다.",관상학 이마·눈썹·귀 관련 검색 정리(준성기 매거진 외)
G069,관상학,귀,작은 귀,,작은 귀,작은 귀 — 귓바퀴가 아담하게 발달한 귀,"귀가 아담하고 옹골지게 발달한 형태입니다. 섬세하고 예민한 감각을 지녔으며, 실속을 중시하는 성격과 연결지어 해석되는 경우가 많습니다. 이런 귀를 가진 사람은 예민한 감각으로 디테일을 잘 챙기는 섬세함이 강점으로 꼽힙니다. 귀는 태어날 때의 골격이 가장 많이 반영되는 부위라 하여, 전통적으로 부모에게 물려받은 선천적인 복을 보여주는 자리로 여겨져 왔습니다.",관상학 이마·눈썹·귀 관련 검색 정리(준성기 매거진 외)
G070,관상학,귀,귓불이 두꺼운 귀(복귀),,귓불이 두꺼운 귀(복귀),귓불이 두꺼운 귀(복귀) — 귓불 살집이 두툼한 귀,"귓불(이수耳垂)의 살집이 두툼하게 발달한 형태로, 전통적으로 '복이 많은 귀'로 가장 널리 알려진 상입니다. 마음이 넉넉하고 만년이 편안하다고 해석됩니다. 부처상이나 관상 좋은 인물의 상징으로 자주 언급되는 귀 형태로, 넉넉한 인복과 만년의 안정을 상징한다고 해석됩니다. 귀는 태어날 때의 골격이 가장 많이 반영되는 부위라 하여, 전통적으로 부모에게 물려받은 선천적인 복을 보여주는 자리로 여겨져 왔습니다.",관상학 이마·눈썹·귀 관련 검색 정리(준성기 매거진 외)
G071,관상학,귀,귓불이 없는 귀(무착귀),,귓불이 없는 귀(무착귀),귓불이 없는 귀(무착귀) — 귓불 없이 턱선으로 이어지는 귀,"귓불이 따로 도드라지지 않고 매끈하게 이어지는 형태입니다. 예리하고 논리적인 사고를 지녔으며, 실용주의적인 성향과 연결지어 해석되는 경우가 많습니다. 이런 귀를 가진 사람은 감상보다 논리와 효율을 중시하는 실용주의적 사고방식과 연결지어 해석되는 경우가 많습니다. 귀는 태어날 때의 골격이 가장 많이 반영되는 부위라 하여, 전통적으로 부모에게 물려받은 선천적인 복을 보여주는 자리로 여겨져 왔습니다.",관상학 이마·눈썹·귀 관련 검색 정리(준성기 매거진 외)
G072,관상학,인중,긴 인중,,긴 인중,긴 인중 — 코와 윗입술 사이가 긴 인중,"인중(人中)은 코 아래에서 윗입술까지 세로로 파인 홈으로, 전통 관상에서는 수명·자녀운과 인내심을 함께 본다고 알려져 있습니다. 인중이 길면 성격이 느긋하고 참을성이 강하며, 장수와 자손운이 좋다고 해석되는 경우가 많습니다.",사주팔자 무료 분석 '관상학 입문' (sajupalza.cc/face-reading/intro)
G073,관상학,인중,짧은 인중,,짧은 인중,짧은 인중 — 코와 윗입술 사이가 짧은 인중,"인중이 짧으면 성격이 급하고 판단이 빠르며, 순발력 있게 행동하는 유형과 연결지어 해석됩니다. 다만 인내심을 조금 더 기르면 좋다고 보기도 합니다.",사주팔자 무료 분석 '관상학 입문' (sajupalza.cc/face-reading/intro)
G074,관상학,인중,넓은 인중,,넓은 인중,넓은 인중 — 가로 폭이 넓은 인중,"인중의 폭이 넓으면 마음이 너그럽고 포용력이 크다고 해석되며, 아랫사람을 잘 챙기는 인심 좋은 성격과 연결짓는 경우가 많습니다.",사주팔자 무료 분석 '관상학 입문' (sajupalza.cc/face-reading/intro)
G075,관상학,인중,좁은 인중,,좁은 인중,좁은 인중 — 가로 폭이 좁은 인중,"인중의 폭이 좁으면 꼼꼼하고 예민한 성격과 연결지어 해석되며, 세심하게 일을 처리하는 완벽주의 성향과 자주 연결짓습니다.",사주팔자 무료 분석 '관상학 입문' (sajupalza.cc/face-reading/intro)
G076,관상학,인중,희미한 인중,,희미한 인중,희미한 인중 — 홈이 얕고 뚜렷하지 않은 인중,"인중의 홈이 얕고 흐릿하면 우유부단하거나 결단력이 다소 약할 수 있다고 해석되지만, 반대로 온화하고 부드러운 인상을 주는 경우가 많다고도 봅니다.",사주팔자 무료 분석 '관상학 입문' (sajupalza.cc/face-reading/intro)
G077,관상학,볼·광대,높은 광대,,높은 광대,높은 광대 — 볼뼈가 도드라지게 솟은 광대,"광대뼈가 도드라지게 솟아 있으면 추진력과 사회적 활동력이 강하다고 해석됩니다. 다만 지나치게 도드라지면 고집이 세다는 인상을 줄 수 있어, 온화한 표정으로 균형을 잡는 것이 좋다고 봅니다.",사주팔자 무료 분석 '관상학 입문' (sajupalza.cc/face-reading/intro)
G078,관상학,볼·광대,낮은 광대,,낮은 광대,낮은 광대 — 볼뼈가 두드러지지 않는 광대,광대뼈가 두드러지지 않고 매끈하게 이어지면 온화하고 유순한 인상을 준다고 해석됩니다. 대인관계에서 부드럽고 다가가기 쉬운 성격과 연결짓는 경우가 많습니다.,사주팔자 무료 분석 '관상학 입문' (sajupalza.cc/face-reading/intro)
G079,관상학,볼·광대,통통한 볼,,통통한 볼,통통한 볼 — 볼살이 도톰한 얼굴,볼살이 도톰하면 인복이 많고 여유로운 인상을 준다고 해석됩니다. 전통 관상에서는 볼이 풍만한 것을 재물운·인덕과 연결짓는 경우가 많습니다.,사주팔자 무료 분석 '관상학 입문' (sajupalza.cc/face-reading/intro)
G080,관상학,볼·광대,홀쭉한 볼,,홀쭉한 볼,홀쭉한 볼 — 볼살이 적어 갸름한 얼굴,볼살이 적고 갸름하면 예리하고 지적인 인상을 준다고 해석됩니다. 다만 너무 홀쭉하면 신경이 예민하고 마음의 여유가 부족해 보일 수 있다고도 봅니다.,사주팔자 무료 분석 '관상학 입문' (sajupalza.cc/face-reading/intro)
